URL,Value,Matched
https://subs-production.s3.us-west-2.amazonaws.com/1726162297584,1474,True
https://subs-production.s3.us-west-2.amazonaws.com/1726162309162,15546,True
https://subs-production.s3.us-west-2.amazonaws.com/1726162314344,2562,False
https://subs-production.s3.us-west-2.amazonaws.com/1726162316478,1541,True
https://subs-production.s3.us-west-2.amazonaws.com/1726162302101,6637,True
https://subs-production.s3.us-west-2.amazonaws.com/1726162318722,1606,False
https://subs-production.s3.us-west-2.amazonaws.com/1726162320803,10113,True
https://subs-production.s3.us-west-2.amazonaws.com/1726162349829,4551,False
https://subs-production.s3.us-west-2.amazonaws.com/1726162355515,13026,False
https://subs-production.s3.us-west-2.amazonaws.com/1726162323284,1028,False
https://subs-production.s3.us-west-2.amazonaws.com/1726162327745,1508,True
https://subs-production.s3.us-west-2.amazonaws.com/1726162339058,1953,True
https://subs-production.s3.us-west-2.amazonaws.com/1726162351940,6506,False
https://subs-production.s3.us-west-2.amazonaws.com/1726162335404,16039,True
https://subs-production.s3.us-west-2.amazonaws.com/1726162342441,795,False
https://subs-production.s3.us-west-2.amazonaws.com/1726162344178,3799,False
https://subs-production.s3.us-west-2.amazonaws.com/1726162357992,502,False
https://subs-production.s3.us-west-2.amazonaws.com/1726162346119,3764,True
https://subs-production.s3.us-west-2.amazonaws.com/1726162378901,13000,True
https://subs-production.s3.us-west-2.amazonaws.com/1726162380739,9960,False
https://subs-production.s3.us-west-2.amazonaws.com/1726162367998,5388,False
https://subs-production.s3.us-west-2.amazonaws.com/1726162374564,2173,True
https://subs-production.s3.us-west-2.amazonaws.com/1726162383006,3220,True
https://subs-production.s3.us-west-2.amazonaws.com/1726162388976,9123,False
https://subs-production.s3.us-west-2.amazonaws.com/1726162370173,1812,False
https://subs-production.s3.us-west-2.amazonaws.com/1726162384855,4047,False
https://subs-production.s3.us-west-2.amazonaws.com/1726162392798,1458,False
https://subs-production.s3.us-west-2.amazonaws.com/1726162394566,1935,False
https://subs-production.s3.us-west-2.amazonaws.com/1726162405587,6277,False
https://subs-production.s3.us-west-2.amazonaws.com/1726162403614,42270,True
https://subs-production.s3.us-west-2.amazonaws.com/1726162386975,773,False
https://subs-production.s3.us-west-2.amazonaws.com/1726162390987,1377,False
https://subs-production.s3.us-west-2.amazonaws.com/1726162426482,3091,True
https://subs-production.s3.us-west-2.amazonaws.com/1726274144598,3461,False
https://subs-production.s3.us-west-2.amazonaws.com/1726274156814,1775,False
https://subs-production.s3.us-west-2.amazonaws.com/1726274164060,2195,False
https://subs-production.s3.us-west-2.amazonaws.com/1726274167679,848,False
https://subs-production.s3.us-west-2.amazonaws.com/1726274134726,1062,False
https://subs-production.s3.us-west-2.amazonaws.com/1726274148278,761,False
https://subs-production.s3.us-west-2.amazonaws.com/1726274181503,2092,False
https://subs-production.s3.us-west-2.amazonaws.com/1726274197910,2881,False
https://subs-production.s3.us-west-2.amazonaws.com/1726274201672,4331,False
https://subs-production.s3.us-west-2.amazonaws.com/1726274217487,1879,False
https://subs-production.s3.us-west-2.amazonaws.com/1726274231556,1337,False
https://subs-production.s3.us-west-2.amazonaws.com/1726274237566,1198,False
https://subs-production.s3.us-west-2.amazonaws.com/1726274246337,1138,False
https://subs-production.s3.us-west-2.amazonaws.com/1726274270798,110,False
https://subs-production.s3.us-west-2.amazonaws.com/1726274275043,1552,False
https://subs-production.s3.us-west-2.amazonaws.com/1726274224516,5705,False
https://subs-production.s3.us-west-2.amazonaws.com/1726274259379,3175,False
https://subs-production.s3.us-west-2.amazonaws.com/1726274266838,1654,False
https://subs-production.s3.us-west-2.amazonaws.com/1726274291791,2510,False
https://subs-production.s3.us-west-2.amazonaws.com/1726274317384,6357,True
https://subs-production.s3.us-west-2.amazonaws.com/1726274330877,7649,False
https://subs-production.s3.us-west-2.amazonaws.com/1726274338036,7819,False
https://subs-production.s3.us-west-2.amazonaws.com/1726274279715,1706,False
https://subs-production.s3.us-west-2.amazonaws.com/1726274295673,3274,False
https://subs-production.s3.us-west-2.amazonaws.com/1726274299739,1271,False
https://subs-production.s3.us-west-2.amazonaws.com/1726274303721,2721,False
https://subs-production.s3.us-west-2.amazonaws.com/1726274313728,1432,True
https://subs-production.s3.us-west-2.amazonaws.com/1726274255330,3329,False
https://subs-production.s3.us-west-2.amazonaws.com/1726274352355,1207,False
https://subs-production.s3.us-west-2.amazonaws.com/1726274367814,3797,False
https://subs-production.s3.us-west-2.amazonaws.com/1726274371992,7301,False
https://subs-production.s3.us-west-2.amazonaws.com/1726274392229,4475,False
https://subs-production.s3.us-west-2.amazonaws.com/1726274284152,1824,False
https://subs-production.s3.us-west-2.amazonaws.com/1726274409072,3696,False
https://subs-production.s3.us-west-2.amazonaws.com/1726274424680,3022,False
https://subs-production.s3.us-west-2.amazonaws.com/1726274448509,3194,False
https://subs-production.s3.us-west-2.amazonaws.com/1726274483564,792,False
https://subs-production.s3.us-west-2.amazonaws.com/1726274498534,1645,False
https://subs-production.s3.us-west-2.amazonaws.com/1726274528063,4618,False
https://subs-production.s3.us-west-2.amazonaws.com/1726274287709,2680,False
https://subs-production.s3.us-west-2.amazonaws.com/1726274309278,3074,False
https://subs-production.s3.us-west-2.amazonaws.com/1726274322046,4305,False
https://subs-production.s3.us-west-2.amazonaws.com/1726274379853,5906,False
https://subs-production.s3.us-west-2.amazonaws.com/1726274420911,3009,False
https://subs-production.s3.us-west-2.amazonaws.com/1726274443728,5046,False
https://subs-production.s3.us-west-2.amazonaws.com/1726274452676,1351,False
https://subs-production.s3.us-west-2.amazonaws.com/1726162416906,3204,False
https://subs-production.s3.us-west-2.amazonaws.com/1726162424542,15348,True
https://subs-production.s3.us-west-2.amazonaws.com/1726162418518,11697,False
https://subs-production.s3.us-west-2.amazonaws.com/1726162420525,5275,True
https://subs-production.s3.us-west-2.amazonaws.com/1726162430635,16667,False
https://subs-production.s3.us-west-2.amazonaws.com/1726162430992,10740,False
https://subs-production.s3.us-west-2.amazonaws.com/1726162434935,3519,True
https://subs-production.s3.us-west-2.amazonaws.com/1726162435973,6433,False
https://subs-production.s3.us-west-2.amazonaws.com/1726162437888,19891,True
https://subs-production.s3.us-west-2.amazonaws.com/1726162438639,2942,True
https://subs-production.s3.us-west-2.amazonaws.com/1726162443465,70132,False
https://subs-production.s3.us-west-2.amazonaws.com/1726162391834,17665,False
https://subs-production.s3.us-west-2.amazonaws.com/1726162423853,5089,True
https://subs-production.s3.us-west-2.amazonaws.com/1726162424268,11368,False
https://subs-production.s3.us-west-2.amazonaws.com/1726162418620,926,True
https://subs-production.s3.us-west-2.amazonaws.com/1726162418747,45186,False
https://subs-production.s3.us-west-2.amazonaws.com/1726162434552,6357,False
https://subs-production.s3.us-west-2.amazonaws.com/1726162403053,8417,False
https://subs-production.s3.us-west-2.amazonaws.com/1726162420087,14852,False
https://subs-production.s3.us-west-2.amazonaws.com/1726162431737,23018,False
https://subs-production.s3.us-west-2.amazonaws.com/1726162432262,21534,False
https://subs-production.s3.us-west-2.amazonaws.com/1726162433443,13068,False
https://subs-production.s3.us-west-2.amazonaws.com/1726162439354,31057,False
https://subs-production.s3.us-west-2.amazonaws.com/1726162440814,3112,False
https://subs-production.s3.us-west-2.amazonaws.com/1726162444910,4957,False
https://subs-production.s3.us-west-2.amazonaws.com/1726162445324,3294,False
https://subs-production.s3.us-west-2.amazonaws.com/1726162446194,1844,False
https://subs-production.s3.us-west-2.amazonaws.com/1726162427900,420,True
https://subs-production.s3.us-west-2.amazonaws.com/1726162429207,37462,False
https://subs-production.s3.us-west-2.amazonaws.com/1726162430115,707,False
https://subs-production.s3.us-west-2.amazonaws.com/1726162430486,17046,False
https://subs-production.s3.us-west-2.amazonaws.com/1726162426655,9888,True
https://subs-production.s3.us-west-2.amazonaws.com/1726162428444,20335,False
https://subs-production.s3.us-west-2.amazonaws.com/1726162429673,27568,False
https://subs-production.s3.us-west-2.amazonaws.com/1726162416704,1702,False
https://subs-production.s3.us-west-2.amazonaws.com/1726162417263,14036,False
https://subs-production.s3.us-west-2.amazonaws.com/1726162393264,5175,False
https://subs-production.s3.us-west-2.amazonaws.com/1726162387474,34304,True
https://subs-production.s3.us-west-2.amazonaws.com/1726162404691,1100,False
https://subs-production.s3.us-west-2.amazonaws.com/1726162405958,15983,False
https://subs-production.s3.us-west-2.amazonaws.com/1726162407484,17857,False
https://subs-production.s3.us-west-2.amazonaws.com/1726162407493,6000,False
https://subs-production.s3.us-west-2.amazonaws.com/1726162409092,5578,False
https://subs-production.s3.us-west-2.amazonaws.com/1726162410482,16264,False
https://subs-production.s3.us-west-2.amazonaws.com/1726162411855,6399,False
https://subs-production.s3.us-west-2.amazonaws.com/1726162413201,7998,True
https://subs-production.s3.us-west-2.amazonaws.com/1726162414510,10916,False
https://subs-production.s3.us-west-2.amazonaws.com/1726162414552,3361,False
https://subs-production.s3.us-west-2.amazonaws.com/1726162415903,2051,False
https://subs-production.s3.us-west-2.amazonaws.com/1726162425567,5177,True
https://subs-production.s3.us-west-2.amazonaws.com/1726162425640,14104,False
https://subs-production.s3.us-west-2.amazonaws.com/1726162406045,14941,False
https://subs-production.s3.us-west-2.amazonaws.com/1726162407110,2076,True
https://subs-production.s3.us-west-2.amazonaws.com/1726162409019,17461,False
https://subs-production.s3.us-west-2.amazonaws.com/1726162400514,988,False
https://subs-production.s3.us-west-2.amazonaws.com/1726162411894,21602,False
https://subs-production.s3.us-west-2.amazonaws.com/1726162413365,13416,False
https://subs-production.s3.us-west-2.amazonaws.com/1726162415141,5196,True
https://subs-production.s3.us-west-2.amazonaws.com/1726162417466,23256,False
https://subs-production.s3.us-west-2.amazonaws.com/1726162419947,35389,False
https://subs-production.s3.us-west-2.amazonaws.com/1726162422954,4398,False
https://subs-production.s3.us-west-2.amazonaws.com/1726162394746,3373,False
https://subs-production.s3.us-west-2.amazonaws.com/1726162394799,9171,False
https://subs-production.s3.us-west-2.amazonaws.com/1726162400085,6169,False
https://subs-production.s3.us-west-2.amazonaws.com/1726162401704,24551,False
https://subs-production.s3.us-west-2.amazonaws.com/1726162401836,5802,True
https://subs-production.s3.us-west-2.amazonaws.com/1726162403199,3662,False
https://subs-production.s3.us-west-2.amazonaws.com/1726162404257,22428,False
https://subs-production.s3.us-west-2.amazonaws.com/1726162405577,1169,False
https://subs-production.s3.us-west-2.amazonaws.com/1726162393744,802,True
https://subs-production.s3.us-west-2.amazonaws.com/1726162396226,399,True
https://subs-production.s3.us-west-2.amazonaws.com/1726162398813,5225,False
https://subs-production.s3.us-west-2.amazonaws.com/1726162385885,13376,False
https://subs-production.s3.us-west-2.amazonaws.com/1726162380452,6599,False
https://subs-production.s3.us-west-2.amazonaws.com/1726162380911,2278,False
https://subs-production.s3.us-west-2.amazonaws.com/1726162382721,2821,True
https://subs-production.s3.us-west-2.amazonaws.com/1726162372509,5901,False
https://subs-production.s3.us-west-2.amazonaws.com/1726162389681,16985,False
https://subs-production.s3.us-west-2.amazonaws.com/1726162390458,14158,False
https://subs-production.s3.us-west-2.amazonaws.com/1726162390854,1946,False
https://subs-production.s3.us-west-2.amazonaws.com/1726162370218,14226,False
https://subs-production.s3.us-west-2.amazonaws.com/1726162388847,872,False
https://subs-production.s3.us-west-2.amazonaws.com/1726162359804,7534,True
https://subs-production.s3.us-west-2.amazonaws.com/1726162384357,2226,False
https://subs-production.s3.us-west-2.amazonaws.com/1726162363290,886,True
https://subs-production.s3.us-west-2.amazonaws.com/1726162363939,8361,False
https://subs-production.s3.us-west-2.amazonaws.com/1726162365221,15980,False
https://subs-production.s3.us-west-2.amazonaws.com/1726162368257,9827,False
https://subs-production.s3.us-west-2.amazonaws.com/1726162374053,490,True
https://subs-production.s3.us-west-2.amazonaws.com/1726162350021,7224,False
https://subs-production.s3.us-west-2.amazonaws.com/1726162351099,1227,False
https://subs-production.s3.us-west-2.amazonaws.com/1726162352094,16266,False
https://subs-production.s3.us-west-2.amazonaws.com/1726162358428,3025,False
https://subs-production.s3.us-west-2.amazonaws.com/1726162359293,14104,False
https://subs-production.s3.us-west-2.amazonaws.com/1726162360998,1454,False
https://subs-production.s3.us-west-2.amazonaws.com/1726162372358,17711,False
https://subs-production.s3.us-west-2.amazonaws.com/1726162374160,6672,False
https://subs-production.s3.us-west-2.amazonaws.com/1726162341283,7767,False
https://subs-production.s3.us-west-2.amazonaws.com/1726162356604,7424,False
https://subs-production.s3.us-west-2.amazonaws.com/1726162344857,16110,False
https://subs-production.s3.us-west-2.amazonaws.com/1726162355591,13368,True
https://subs-production.s3.us-west-2.amazonaws.com/1726162342909,18158,False
https://subs-production.s3.us-west-2.amazonaws.com/1726162371166,4264,True
https://subs-production.s3.us-west-2.amazonaws.com/1726162358102,4604,True
https://subs-production.s3.us-west-2.amazonaws.com/1726162352424,12503,False
https://subs-production.s3.us-west-2.amazonaws.com/1726162353714,19185,True
https://subs-production.s3.us-west-2.amazonaws.com/1726162329909,14826,True
https://subs-production.s3.us-west-2.amazonaws.com/1726162331168,15440,False
https://subs-production.s3.us-west-2.amazonaws.com/1726162327361,7355,False
https://subs-production.s3.us-west-2.amazonaws.com/1726162335341,24971,True
https://subs-production.s3.us-west-2.amazonaws.com/1726162335214,8895,False
https://subs-production.s3.us-west-2.amazonaws.com/1726162337100,13978,False
https://subs-production.s3.us-west-2.amazonaws.com/1726162324736,5864,True
https://subs-production.s3.us-west-2.amazonaws.com/1726162326046,1279,False
https://subs-production.s3.us-west-2.amazonaws.com/1726162315964,25307,False
https://subs-production.s3.us-west-2.amazonaws.com/1726162320701,15761,False
https://subs-production.s3.us-west-2.amazonaws.com/1726162319121,959,False
https://subs-production.s3.us-west-2.amazonaws.com/1726162321926,1589,True
https://subs-production.s3.us-west-2.amazonaws.com/1726162323332,14809,True
https://subs-production.s3.us-west-2.amazonaws.com/1726162321948,12677,True
https://subs-production.s3.us-west-2.amazonaws.com/1726162319241,5686,False
https://subs-production.s3.us-west-2.amazonaws.com/1726162302392,12329,False
https://subs-production.s3.us-west-2.amazonaws.com/1726162317854,6171,False
https://subs-production.s3.us-west-2.amazonaws.com/1726162288924,4930,False
https://subs-production.s3.us-west-2.amazonaws.com/1726162290987,5368,True
https://subs-production.s3.us-west-2.amazonaws.com/1726162294525,959,False
https://subs-production.s3.us-west-2.amazonaws.com/1726162299046,3619,False
https://subs-production.s3.us-west-2.amazonaws.com/1726162300812,5221,False
https://subs-production.s3.us-west-2.amazonaws.com/1726162313543,2686,False
https://subs-production.s3.us-west-2.amazonaws.com/1726162306795,8383,False
https://subs-production.s3.us-west-2.amazonaws.com/1726162315230,8246,False
https://subs-production.s3.us-west-2.amazonaws.com/1726162287309,9924,True
https://subs-production.s3.us-west-2.amazonaws.com/1726162291078,5282,True
https://subs-production.s3.us-west-2.amazonaws.com/1726162292520,6464,True
https://subs-production.s3.us-west-2.amazonaws.com/1726042695889,724,True
https://subs-production.s3.us-west-2.amazonaws.com/1726042781058,19273,True
https://subs-production.s3.us-west-2.amazonaws.com/1726162311673,836,False
https://subs-production.s3.us-west-2.amazonaws.com/1726162279620,31845,True
https://subs-production.s3.us-west-2.amazonaws.com/1726162310224,11978,False
https://subs-production.s3.us-west-2.amazonaws.com/1726162313249,12696,False
https://subs-production.s3.us-west-2.amazonaws.com/1726162292368,17841,False
https://subs-production.s3.us-west-2.amazonaws.com/1726162290679,5973,False
https://subs-production.s3.us-west-2.amazonaws.com/1726162323305,3118,False
https://subs-production.s3.us-west-2.amazonaws.com/1726162316065,2425,False
https://subs-production.s3.us-west-2.amazonaws.com/1726162339260,309,False
https://subs-production.s3.us-west-2.amazonaws.com/1726162354405,235,False
https://subs-production.s3.us-west-2.amazonaws.com/1726162318944,11031,False
https://subs-production.s3.us-west-2.amazonaws.com/1726162326130,13334,False
https://subs-production.s3.us-west-2.amazonaws.com/1726162329516,36229,True
https://subs-production.s3.us-west-2.amazonaws.com/1726162335159,19508,False
https://subs-production.s3.us-west-2.amazonaws.com/1726162327702,6259,False
https://subs-production.s3.us-west-2.amazonaws.com/1726162342285,7,False
https://subs-production.s3.us-west-2.amazonaws.com/1726162345142,568,False
https://subs-production.s3.us-west-2.amazonaws.com/1726162351713,2719,False
https://subs-production.s3.us-west-2.amazonaws.com/1726162357085,1437,False
https://subs-production.s3.us-west-2.amazonaws.com/1726162359953,178,False
https://subs-production.s3.us-west-2.amazonaws.com/1726162340743,3,False
https://subs-production.s3.us-west-2.amazonaws.com/1726162336390,17180,False
https://subs-production.s3.us-west-2.amazonaws.com/1726162372681,6647,False
https://subs-production.s3.us-west-2.amazonaws.com/1726162355801,653,False
https://subs-production.s3.us-west-2.amazonaws.com/1726162343641,251,False
https://subs-production.s3.us-west-2.amazonaws.com/1726162358608,932,False
https://subs-production.s3.us-west-2.amazonaws.com/1726162353136,26505,True
https://subs-production.s3.us-west-2.amazonaws.com/1726162362745,219,False
https://subs-production.s3.us-west-2.amazonaws.com/1726162347377,2249,False
https://subs-production.s3.us-west-2.amazonaws.com/1726162348958,11625,False
https://subs-production.s3.us-west-2.amazonaws.com/1726162365417,1349,False
https://subs-production.s3.us-west-2.amazonaws.com/1726162366921,2812,False
https://subs-production.s3.us-west-2.amazonaws.com/1726162387530,665,False
https://subs-production.s3.us-west-2.amazonaws.com/1726162379440,2095,False
https://subs-production.s3.us-west-2.amazonaws.com/1726162361389,139,False
https://subs-production.s3.us-west-2.amazonaws.com/1726162368297,1062,False
https://subs-production.s3.us-west-2.amazonaws.com/1726162375516,3893,False
https://subs-production.s3.us-west-2.amazonaws.com/1726162383401,1961,False
https://subs-production.s3.us-west-2.amazonaws.com/1726162374242,146926,False
https://subs-production.s3.us-west-2.amazonaws.com/1726162371194,882,False
https://subs-production.s3.us-west-2.amazonaws.com/1726162384791,9848,False
https://subs-production.s3.us-west-2.amazonaws.com/1726162386177,1869,False
https://subs-production.s3.us-west-2.amazonaws.com/1726162388996,942,False
https://subs-production.s3.us-west-2.amazonaws.com/1726075852150,1295,False
https://subs-production.s3.us-west-2.amazonaws.com/1726075853024,8501,False
https://subs-production.s3.us-west-2.amazonaws.com/1726075853604,1011,False
https://subs-production.s3.us-west-2.amazonaws.com/1726075856884,1979,True
https://subs-production.s3.us-west-2.amazonaws.com/1726075858336,6904,False
https://subs-production.s3.us-west-2.amazonaws.com/1726075840607,3791,False
https://subs-production.s3.us-west-2.amazonaws.com/1726075842039,36273,True
https://subs-production.s3.us-west-2.amazonaws.com/1726075843415,7446,False
https://subs-production.s3.us-west-2.amazonaws.com/1726075844774,3714,False
https://subs-production.s3.us-west-2.amazonaws.com/1726075836461,3875,True
https://subs-production.s3.us-west-2.amazonaws.com/1726075836770,21984,False
https://subs-production.s3.us-west-2.amazonaws.com/1726075836418,1311,False
https://subs-production.s3.us-west-2.amazonaws.com/1726075837593,5328,True
https://subs-production.s3.us-west-2.amazonaws.com/1726075837604,5514,True
https://subs-production.s3.us-west-2.amazonaws.com/1726075844851,8551,False
https://subs-production.s3.us-west-2.amazonaws.com/1726075846893,1319,False
https://subs-production.s3.us-west-2.amazonaws.com/1726075838846,4395,False
https://subs-production.s3.us-west-2.amazonaws.com/1726075838982,3163,True
https://subs-production.s3.us-west-2.amazonaws.com/1726075847766,2096,False
https://subs-production.s3.us-west-2.amazonaws.com/1726075848897,8376,False
https://subs-production.s3.us-west-2.amazonaws.com/1726075855703,39768,False
https://subs-production.s3.us-west-2.amazonaws.com/1726075856983,8921,False
https://subs-production.s3.us-west-2.amazonaws.com/1726075839322,13620,False
https://subs-production.s3.us-west-2.amazonaws.com/1726075819380,3459,False
https://subs-production.s3.us-west-2.amazonaws.com/1726075820304,16042,False
https://subs-production.s3.us-west-2.amazonaws.com/1726075823844,5147,False
https://subs-production.s3.us-west-2.amazonaws.com/1726075823211,16327,True
https://subs-production.s3.us-west-2.amazonaws.com/1726075824648,3421,False
https://subs-production.s3.us-west-2.amazonaws.com/1726075826287,20802,False
https://subs-production.s3.us-west-2.amazonaws.com/1726075828040,1650,True
https://subs-production.s3.us-west-2.amazonaws.com/1726075821776,554,False
https://subs-production.s3.us-west-2.amazonaws.com/1726075828045,743,False
https://subs-production.s3.us-west-2.amazonaws.com/1726075829485,23484,False
https://subs-production.s3.us-west-2.amazonaws.com/1726075830892,8870,False
https://subs-production.s3.us-west-2.amazonaws.com/1726075832370,23035,True
https://subs-production.s3.us-west-2.amazonaws.com/1726075833774,2173,True
https://subs-production.s3.us-west-2.amazonaws.com/1726075835048,25961,False
https://subs-production.s3.us-west-2.amazonaws.com/1726075850253,15850,True
https://subs-production.s3.us-west-2.amazonaws.com/1726075851932,4273,False
https://subs-production.s3.us-west-2.amazonaws.com/1726075835536,95525,False
https://subs-production.s3.us-west-2.amazonaws.com/1726075831163,36826,False
https://subs-production.s3.us-west-2.amazonaws.com/1726075828958,25117,False
