URL,Value
https://subs-production.s3.us-west-2.amazonaws.com/reading/6476793a4b27c9c7908054f7HfM0GzXJ,14668
https://subs-production.s3.us-west-2.amazonaws.com/reading/6476748ad3388f971dd5c1b0OUeUPe1S,37108
https://subs-production.s3.us-west-2.amazonaws.com/reading/64767506d3388f971d497aabKMOpXI41,9942
https://subs-production.s3.us-west-2.amazonaws.com/1707835812795,9866
https://subs-production.s3.us-west-2.amazonaws.com/17308990961349b9273kG,8512
https://subs-production.s3.us-west-2.amazonaws.com/1730899093364lHYu6NYU,6139
https://subs-production.s3.us-west-2.amazonaws.com/1730899089798WngUjR9M,52590
https://subs-production.s3.us-west-2.amazonaws.com/1730899087812xtPc5ZKn,4150
https://subs-production.s3.us-west-2.amazonaws.com/1730899084600B4QhXtZ5,65151
https://subs-production.s3.us-west-2.amazonaws.com/1730899082991XlbUnZHK,5887
https://subs-production.s3.us-west-2.amazonaws.com/reading/6476793a4b27c9c79080867aq07ytePM,16019
https://subs-production.s3.us-west-2.amazonaws.com/reading/6476793a4b27c9c7907fc0ab2vZSQgh1,8299
https://subs-production.s3.us-west-2.amazonaws.com/reading/64767533d3388f971d5ef1b9yEe683p9,7176
https://subs-production.s3.us-west-2.amazonaws.com/17308990775219ExjQA75,6128
https://subs-production.s3.us-west-2.amazonaws.com/reading/64767481d3388f971dc61d806g1vaHfo,37136
https://subs-production.s3.us-west-2.amazonaws.com/reading/6476747ad3388f971dbba976sNCapfiU,58291
https://subs-production.s3.us-west-2.amazonaws.com/1730899071619RarQ2RBk,8654
https://subs-production.s3.us-west-2.amazonaws.com/1730899067294dGMlFjhW,14286
https://subs-production.s3.us-west-2.amazonaws.com/1730899058829IA69remH,5611
https://subs-production.s3.us-west-2.amazonaws.com/reading/6476793b4b27c9c790826a36kh8keRGP,6402
https://subs-production.s3.us-west-2.amazonaws.com/1730899045461Z4YvlBDD,53397
https://subs-production.s3.us-west-2.amazonaws.com/1730899041763qgXimF0b,98664
https://subs-production.s3.us-west-2.amazonaws.com/1730899038040t2phIkQC,8521
https://subs-production.s3.us-west-2.amazonaws.com/reading/647679274b27c9c7906ff4eeBiZy12PI,1975
https://subs-production.s3.us-west-2.amazonaws.com/reading/6476793a4b27c9c79081a953RCYoIaMs,797
https://subs-production.s3.us-west-2.amazonaws.com/17308990338456wQPHDMR,15277
https://subs-production.s3.us-west-2.amazonaws.com/1730899029450MovWKCHt,7698
https://subs-production.s3.us-west-2.amazonaws.com/1730899019920QrZrxvrM,27466
https://subs-production.s3.us-west-2.amazonaws.com/reading/64767642d3388f971da83925nkeU9bIs,40318
https://subs-production.s3.us-west-2.amazonaws.com/1730899013837l1uMtb1I,44085
https://subs-production.s3.us-west-2.amazonaws.com/17308990128290hqFtIPV,6592
https://subs-production.s3.us-west-2.amazonaws.com/1730899011366osf3Zz7e,25236
https://subs-production.s3.us-west-2.amazonaws.com/1730899009722UNdeehqp,12806
https://subs-production.s3.us-west-2.amazonaws.com/reading/647679264b27c9c7906e7b7emaAfrqd3,9073
https://subs-production.s3.us-west-2.amazonaws.com/1730898998230j9MpNH0n,3841
https://subs-production.s3.us-west-2.amazonaws.com/reading/6476747ad3388f971dbb9125qihUzIGU,131992
https://subs-production.s3.us-west-2.amazonaws.com/1730898991216BH0blsdH,40135
https://subs-production.s3.us-west-2.amazonaws.com/1730898987286LRwP54jq,49401
https://subs-production.s3.us-west-2.amazonaws.com/1730898983558kDq46At2,22595
https://subs-production.s3.us-west-2.amazonaws.com/1730898982768l7kHVaJ9,3059
https://subs-production.s3.us-west-2.amazonaws.com/1730898980155UogdtzZS,19888
https://subs-production.s3.us-west-2.amazonaws.com/1730898970456bxduV7OY,56672
https://subs-production.s3.us-west-2.amazonaws.com/reading/6476793a4b27c9c790814abenUPZB0Ts,16605
https://subs-production.s3.us-west-2.amazonaws.com/reading/6476793a4b27c9c79080e44cdggQ2l3B,13716
https://subs-production.s3.us-west-2.amazonaws.com/1730898957936MfnUAUme,19689
https://subs-production.s3.us-west-2.amazonaws.com/17308989525265ObE6Nk7,11525
https://subs-production.s3.us-west-2.amazonaws.com/reading/6476793a4b27c9c79081e36cQsb4Kvhq,13817
https://subs-production.s3.us-west-2.amazonaws.com/reading/647674e8d3388f971d3c55fahgr14MXq,3921
https://subs-production.s3.us-west-2.amazonaws.com/1730898948349cvLlWKPx,11402
https://subs-production.s3.us-west-2.amazonaws.com/reading/64767484d3388f971dcff02dyzUFfpmh,103653
https://subs-production.s3.us-west-2.amazonaws.com/reading/6476793a4b27c9c790803c8e7HgfS8JO,20709
https://subs-production.s3.us-west-2.amazonaws.com/1730898943906xqcmYz5c,15170
https://subs-production.s3.us-west-2.amazonaws.com/reading/6476747ad3388f971dbab324ESeHc8WU,40782
https://subs-production.s3.us-west-2.amazonaws.com/reading/6476747dd3388f971dc0352c1HUyvu4A,7222
https://subs-production.s3.us-west-2.amazonaws.com/reading/647674c5d3388f971d2506bezUZUSWOO,53653
https://subs-production.s3.us-west-2.amazonaws.com/1730898908026U92z7lMY,29441
https://subs-production.s3.us-west-2.amazonaws.com/reading/64767506d3388f971d462816w94KD7kV,18747
https://subs-production.s3.us-west-2.amazonaws.com/17308988880578GBbK4B8,1515
https://subs-production.s3.us-west-2.amazonaws.com/1730898849376rUA6aRNo,3168
https://subs-production.s3.us-west-2.amazonaws.com/reading/6476748fd3388f971ddc768efG7SRoUR,23166
https://subs-production.s3.us-west-2.amazonaws.com/reading/64767642d3388f971da7f909RQHcm1RR,15161
https://subs-production.s3.us-west-2.amazonaws.com/reading/6476793a4b27c9c79080ef73ckRfytiG,10430
https://subs-production.s3.us-west-2.amazonaws.com/reading/64767481d3388f971dc67ee8IDG4iOHt,10389
https://subs-production.s3.us-west-2.amazonaws.com/reading/6476793a4b27c9c79080cbf3WsdNpx5P,10586
https://subs-production.s3.us-west-2.amazonaws.com/1730898808441Ae0Ru0TO,6179
https://subs-production.s3.us-west-2.amazonaws.com/reading/64767484d3388f971dd00525FaJpSRVa,71018
https://subs-production.s3.us-west-2.amazonaws.com/reading/6476793a4b27c9c790818ac5O4Ke1DW3,48244
https://subs-production.s3.us-west-2.amazonaws.com/reading/647674e8d3388f971d3be69duUewGHXt,2129
https://subs-production.s3.us-west-2.amazonaws.com/reading/6476748ad3388f971dd5c1aba8IGKQKE,116792
https://subs-production.s3.us-west-2.amazonaws.com/17308987888999067kfMc,16004
https://subs-production.s3.us-west-2.amazonaws.com/reading/6476747ad3388f971dbbb3047iNYZhAD,40450
https://subs-production.s3.us-west-2.amazonaws.com/reading/64767481d3388f971dc6948aO6LNKrXi,8488
https://subs-production.s3.us-west-2.amazonaws.com/reading/6476793a4b27c9c7907e9b7c3lrEs3jc,3439
https://subs-production.s3.us-west-2.amazonaws.com/1730898768500eGJojphU,4076
https://subs-production.s3.us-west-2.amazonaws.com/1730898762871Hk1APPDt,3694
https://subs-production.s3.us-west-2.amazonaws.com/1730898758997Vz7WKNIi,10273
https://subs-production.s3.us-west-2.amazonaws.com/1730898754495KsdCILBa,438
https://subs-production.s3.us-west-2.amazonaws.com/17308987485405cvJfUP8,222
https://subs-production.s3.us-west-2.amazonaws.com/17308987504829LBoUZKU,23014
https://subs-production.s3.us-west-2.amazonaws.com/reading/64767566d3388f971d6e2ad8Wxh0M8BD,9880
https://subs-production.s3.us-west-2.amazonaws.com/1730898742058AmbOX4Yq,18823
https://subs-production.s3.us-west-2.amazonaws.com/1730898737957zEP2yySq,49709
https://subs-production.s3.us-west-2.amazonaws.com/reading/6476793a4b27c9c7907e9b371EU2rq3Q,9611
https://subs-production.s3.us-west-2.amazonaws.com/reading/64767484d3388f971dcfce3dK4bJO49h,58773
https://subs-production.s3.us-west-2.amazonaws.com/1730898728771lnPL4oGm,300
https://subs-production.s3.us-west-2.amazonaws.com/reading/647674a3d3388f971dfbf4b8Na5KHm1l,5098
https://subs-production.s3.us-west-2.amazonaws.com/reading/6476748ad3388f971dd65f49ONmxpFXI,24357
https://subs-production.s3.us-west-2.amazonaws.com/1730898723985QAbR62no,16272
https://subs-production.s3.us-west-2.amazonaws.com/reading/64767484d3388f971dd01fd7aDEoTevA,41790
https://subs-production.s3.us-west-2.amazonaws.com/reading/64767506d3388f971d4a377dtlc4J0EW,2022
https://subs-production.s3.us-west-2.amazonaws.com/1730898715706gPKlqhVV,9414
https://subs-production.s3.us-west-2.amazonaws.com/1730898711542x9k57o5s,10978
https://subs-production.s3.us-west-2.amazonaws.com/1730898701453INzXutOX,60303
https://subs-production.s3.us-west-2.amazonaws.com/1730898698025UFYw4lGm,2423
https://subs-production.s3.us-west-2.amazonaws.com/reading/647679044b27c9c790392f29vKbQTKMu,3141
https://subs-production.s3.us-west-2.amazonaws.com/1730898696468uZ6J4PwQ,6200
https://subs-production.s3.us-west-2.amazonaws.com/1730898695551wln3ryix,8095
https://subs-production.s3.us-west-2.amazonaws.com/17308986944465bdyPeLy,6198
https://subs-production.s3.us-west-2.amazonaws.com/1730898692027yA3S3h4v,10782
https://subs-production.s3.us-west-2.amazonaws.com/1730898692097Z3wJ6VQ8,25626
https://subs-production.s3.us-west-2.amazonaws.com/1730898690954EreVJNkb,10293
https://subs-production.s3.us-west-2.amazonaws.com/1730898689327kf7oW8Wx,21562
https://subs-production.s3.us-west-2.amazonaws.com/reading/647674a3d3388f971dfa706dLEP6ff0H,30510
https://subs-production.s3.us-west-2.amazonaws.com/reading/64767481d3388f971dc67ec5ONCn7Muv,87306
https://subs-production.s3.us-west-2.amazonaws.com/reading/647674e8d3388f971d39e7a1an0m9lKO,7150
https://subs-production.s3.us-west-2.amazonaws.com/reading/6476793a4b27c9c790801594xtBZxbgH,30336
https://subs-production.s3.us-west-2.amazonaws.com/reading/6476793a4b27c9c7907f5989Oq092dsG,24303
https://subs-production.s3.us-west-2.amazonaws.com/reading/64767490d3388f971dde4508E93PxAjw,49015
https://subs-production.s3.us-west-2.amazonaws.com/reading/6476793a4b27c9c790805beaKGDSFFV8,6411
https://subs-production.s3.us-west-2.amazonaws.com/reading/6476747ed3388f971dc25f6a4GzR1Egh,52990
https://subs-production.s3.us-west-2.amazonaws.com/reading/6476793a4b27c9c7907fb355zull1yj7,21822
https://subs-production.s3.us-west-2.amazonaws.com/1730898574582FycsuBu4,12019
https://subs-production.s3.us-west-2.amazonaws.com/reading/647679264b27c9c7906d929cohGZLImZ,1902
https://subs-production.s3.us-west-2.amazonaws.com/reading/6476793a4b27c9c7908054e8Y9oyxO5o,27096
https://subs-production.s3.us-west-2.amazonaws.com/reading/6476793b4b27c9c790825c002aqsv4lm,16098
https://subs-production.s3.us-west-2.amazonaws.com/reading/6476793a4b27c9c7907f3d76ReIx80gF,49135
https://subs-production.s3.us-west-2.amazonaws.com/reading/647678ef4b27c9c79014b262OPehpDOW,25449
https://subs-production.s3.us-west-2.amazonaws.com/reading/65cfec80fcb90717f6a2e8e2wKW2yIo0,372
https://subs-production.s3.us-west-2.amazonaws.com/reading/64767506d3388f971d4715e1Bf57h159,42564
https://subs-production.s3.us-west-2.amazonaws.com/reading/64767481d3388f971dc83c20xGBNIHnr,25426
https://subs-production.s3.us-west-2.amazonaws.com/reading/6476747dd3388f971dc06cc775G0ixKa,13000
https://subs-production.s3.us-west-2.amazonaws.com/1730898464314b7Eg7nc2,7904
https://subs-production.s3.us-west-2.amazonaws.com/reading/65030785440a8334c84f746bdjPp3vEq,1920
https://subs-production.s3.us-west-2.amazonaws.com/1730898462891G5LYUZD9,23009
https://subs-production.s3.us-west-2.amazonaws.com/17308984617152K1n1Cgu,20463
https://subs-production.s3.us-west-2.amazonaws.com/1730898459344L0Zxu4vC,72084
https://subs-production.s3.us-west-2.amazonaws.com/1730898458291bxMmbsAT,29857
https://subs-production.s3.us-west-2.amazonaws.com/1730898456114lFthStH5,14368
https://subs-production.s3.us-west-2.amazonaws.com/17308984543689opo3DTO,2659
https://subs-production.s3.us-west-2.amazonaws.com/1730898453577flaZjofC,48169
https://subs-production.s3.us-west-2.amazonaws.com/17308984521290uvUS1VX,4157
https://subs-production.s3.us-west-2.amazonaws.com/173089845081636weZf7v,14867
https://subs-production.s3.us-west-2.amazonaws.com/reading/64767481d3388f971dc7793cTqbZKya0,13882
https://subs-production.s3.us-west-2.amazonaws.com/1730898449631Kx6ucyd0,7655
https://subs-production.s3.us-west-2.amazonaws.com/1730898447560T007dx1Y,40014
https://subs-production.s3.us-west-2.amazonaws.com/1730898446496VelOtDvy,500
https://subs-production.s3.us-west-2.amazonaws.com/1730898445363ascD4WUV,12851
https://subs-production.s3.us-west-2.amazonaws.com/1730898444109bcRzNY8a,48529
https://subs-production.s3.us-west-2.amazonaws.com/1730898443089f0HPU33B,79382
https://subs-production.s3.us-west-2.amazonaws.com/1730898440507wTpyRp72,1708
https://subs-production.s3.us-west-2.amazonaws.com/1730898439276lp7oA4dj,27347
https://subs-production.s3.us-west-2.amazonaws.com/1730898438029jbxsRnv7,24957
https://subs-production.s3.us-west-2.amazonaws.com/1730898436732QCsM4iwV,4058
https://subs-production.s3.us-west-2.amazonaws.com/1730898422230abnPA0oq,15226
https://subs-production.s3.us-west-2.amazonaws.com/1730898419510GleiAiCR,34913
https://subs-production.s3.us-west-2.amazonaws.com/1730898417501Lzc5EC1t,7574
https://subs-production.s3.us-west-2.amazonaws.com/1730898418463E6ceF4W9,31302
https://subs-production.s3.us-west-2.amazonaws.com/1730898415133wdLp0aMI,33555
https://subs-production.s3.us-west-2.amazonaws.com/1730898416169JPWVtvrf,64040
https://subs-production.s3.us-west-2.amazonaws.com/reading/66a32cfc040ba2109d854907MveLJDog,137
https://subs-production.s3.us-west-2.amazonaws.com/17308984141312kF6uWhP,11365
https://subs-production.s3.us-west-2.amazonaws.com/17308984106126hH2F8Zn,28447
https://subs-production.s3.us-west-2.amazonaws.com/reading/64767490d3388f971dde58f6s341he9d,57305
https://subs-production.s3.us-west-2.amazonaws.com/1730898409460gOsp76BY,46929
https://subs-production.s3.us-west-2.amazonaws.com/17308984073900JvRTi5S,58552
https://subs-production.s3.us-west-2.amazonaws.com/reading/6476747ad3388f971dbbce6dIffFBr81,83139
https://subs-production.s3.us-west-2.amazonaws.com/1730898405201ro8TWPVa,49
https://subs-production.s3.us-west-2.amazonaws.com/1730898403992TY3hVQuy,44709
https://subs-production.s3.us-west-2.amazonaws.com/1730898402904RUUAr32e,4034
https://subs-production.s3.us-west-2.amazonaws.com/1730898401529kwE7PkwB,24356
https://subs-production.s3.us-west-2.amazonaws.com/1730898400284fBhG0Guu,7265
https://subs-production.s3.us-west-2.amazonaws.com/1730898396548DLkEDgMW,17054
https://subs-production.s3.us-west-2.amazonaws.com/1730898394128qSfC8nl2,15901
https://subs-production.s3.us-west-2.amazonaws.com/1730898395340AklPJ7jL,6580
https://subs-production.s3.us-west-2.amazonaws.com/1730898391597pTE7AeGx,3819
https://subs-production.s3.us-west-2.amazonaws.com/reading/6476793a4b27c9c79080bf58mMhCtxnR,1786
https://subs-production.s3.us-west-2.amazonaws.com/17308983906295JNKA8zE,34103
https://subs-production.s3.us-west-2.amazonaws.com/1730898389669otgSoIMK,9675
https://subs-production.s3.us-west-2.amazonaws.com/1730898389459Gw5T4FPE,85115
https://subs-production.s3.us-west-2.amazonaws.com/1730898388124DF4QiTGQ,9017
https://subs-production.s3.us-west-2.amazonaws.com/1730898386949I9ervZsq,4510
https://subs-production.s3.us-west-2.amazonaws.com/17308983859259IaC7Sf6,9635
https://subs-production.s3.us-west-2.amazonaws.com/1730898385397Ijg24Hf9,30757
https://subs-production.s3.us-west-2.amazonaws.com/17308983836087VSnO2JS,8323
https://subs-production.s3.us-west-2.amazonaws.com/17308983816146I6pNJqK,7242
https://subs-production.s3.us-west-2.amazonaws.com/1730898380700GmlC7BrW,16291
https://subs-production.s3.us-west-2.amazonaws.com/1730898380568Ivwh74an,29729
https://subs-production.s3.us-west-2.amazonaws.com/reading/647679044b27c9c79039b18emAgMFPkq,56177
https://subs-production.s3.us-west-2.amazonaws.com/17308983793153ONMUHNr,4565
https://subs-production.s3.us-west-2.amazonaws.com/1730898378007Hk9eFLXF,2902
https://subs-production.s3.us-west-2.amazonaws.com/1730898376706MsctscWz,45
https://subs-production.s3.us-west-2.amazonaws.com/17308983754359MWGFuue,2083
https://subs-production.s3.us-west-2.amazonaws.com/1730898372978fjAo7W7u,11235
https://subs-production.s3.us-west-2.amazonaws.com/1730898370653YWqIX66v,26428
https://subs-production.s3.us-west-2.amazonaws.com/1730898370040yJ67TcgS,21143
https://subs-production.s3.us-west-2.amazonaws.com/1730898369618YOFKkkbu,12865
https://subs-production.s3.us-west-2.amazonaws.com/1730898368753HZTdyp2j,4148
https://subs-production.s3.us-west-2.amazonaws.com/1730898368645ZxBZUGYZ,5321
https://subs-production.s3.us-west-2.amazonaws.com/1730898367571dAfsgIsj,42063
https://subs-production.s3.us-west-2.amazonaws.com/1730898367446VWmdtl8T,7108
https://subs-production.s3.us-west-2.amazonaws.com/1730898366208vaqZ5ESC,1304
https://subs-production.s3.us-west-2.amazonaws.com/17308983659772MXfOBQx,36019
https://subs-production.s3.us-west-2.amazonaws.com/1730898365338RahoIvJJ,31643
https://subs-production.s3.us-west-2.amazonaws.com/1730898364914SGN4Vu2x,3960
https://subs-production.s3.us-west-2.amazonaws.com/1730898364368nU22PNZe,12579
https://subs-production.s3.us-west-2.amazonaws.com/1730898363238r27Pkqs9,8635
https://subs-production.s3.us-west-2.amazonaws.com/1730898363018RfNQOyYr,32674
https://subs-production.s3.us-west-2.amazonaws.com/1730898362403vV5cJQcB,1974
https://subs-production.s3.us-west-2.amazonaws.com/1730898362150BohV3q7k,5906
https://subs-production.s3.us-west-2.amazonaws.com/1730898360580uS1wpd6L,59607
https://subs-production.s3.us-west-2.amazonaws.com/1730898360061sT7ZajKT,8843
https://subs-production.s3.us-west-2.amazonaws.com/1730898358299Sf1Bahns,20234
https://subs-production.s3.us-west-2.amazonaws.com/1730898356840aewnrJSw,2210
https://subs-production.s3.us-west-2.amazonaws.com/1730898356818AYBTqyaO,56212
https://subs-production.s3.us-west-2.amazonaws.com/17308983557223nm4JrO8,7069
https://subs-production.s3.us-west-2.amazonaws.com/17308983533154Ismj6xS,14174
https://subs-production.s3.us-west-2.amazonaws.com/1730898353282B5sKJiu5,10574
https://subs-production.s3.us-west-2.amazonaws.com/1730898352250Oz9S9RDR,45321
https://subs-production.s3.us-west-2.amazonaws.com/1730898350918egHNJh4q,9596
https://subs-production.s3.us-west-2.amazonaws.com/1730898349690rfrQfmcH,21080
https://subs-production.s3.us-west-2.amazonaws.com/reading/647679274b27c9c7906f818fbQU668Ey,14128
https://subs-production.s3.us-west-2.amazonaws.com/1730898347418k9h3mMMK,4432
https://subs-production.s3.us-west-2.amazonaws.com/1730898346149Yw8crlJx,40449
https://subs-production.s3.us-west-2.amazonaws.com/1730898345126AQ87ZcXd,47678
https://subs-production.s3.us-west-2.amazonaws.com/1730898344093lrhy2SGb,2787
https://subs-production.s3.us-west-2.amazonaws.com/1730898342900iSE6w752,25901
https://subs-production.s3.us-west-2.amazonaws.com/1730898341604SIDxZPfv,74744
https://subs-production.s3.us-west-2.amazonaws.com/17308983392204PCElfDx,27737
https://subs-production.s3.us-west-2.amazonaws.com/reading/64767481d3388f971dc83c1bModv3O9k,60562
https://subs-production.s3.us-west-2.amazonaws.com/reading/647679194b27c9c7905a665bih83yqwr,65493
https://subs-production.s3.us-west-2.amazonaws.com/1730898338021VD6Dnxth,46387
https://subs-production.s3.us-west-2.amazonaws.com/1730898336029VsQohKsO,11195
https://subs-production.s3.us-west-2.amazonaws.com/1730898335749uriHC8e8,7159
https://subs-production.s3.us-west-2.amazonaws.com/1730898334449Nk7dHt2a,6344
https://subs-production.s3.us-west-2.amazonaws.com/1730898333121UsaXMzOi,59
https://subs-production.s3.us-west-2.amazonaws.com/1730898331853yVjhRjYr,2421
https://subs-production.s3.us-west-2.amazonaws.com/1730898322867z6JN4NJ8,6
https://subs-production.s3.us-west-2.amazonaws.com/17308983212950qW1rawS,42468
https://subs-production.s3.us-west-2.amazonaws.com/1730898318808LZH6sKMe,26504
https://subs-production.s3.us-west-2.amazonaws.com/1730898316330Mnb7T6gk,10025
https://subs-production.s3.us-west-2.amazonaws.com/1730898310251E3Q0VbFa,25059
https://subs-production.s3.us-west-2.amazonaws.com/1730898311268XNYPKQtD,13483
https://subs-production.s3.us-west-2.amazonaws.com/1730898307659VJdu56gJ,60202
https://subs-production.s3.us-west-2.amazonaws.com/1730898306491GooLt6Es,34979
https://subs-production.s3.us-west-2.amazonaws.com/1730898300178uYh3uY16,56481
https://subs-production.s3.us-west-2.amazonaws.com/1730898298949x1ejYAmD,18865
https://subs-production.s3.us-west-2.amazonaws.com/1730898297717xNLIvXhb,17098
https://subs-production.s3.us-west-2.amazonaws.com/173089829643749GGU4VM,63407
https://subs-production.s3.us-west-2.amazonaws.com/1730898295153Q0oNSUir,287
https://subs-production.s3.us-west-2.amazonaws.com/1730898294939b9NHKPQS,5368
https://subs-production.s3.us-west-2.amazonaws.com/1730898294690aLqmtIWq,92
https://subs-production.s3.us-west-2.amazonaws.com/1730898291487O4toFQr6,64226
https://subs-production.s3.us-west-2.amazonaws.com/reading/664788e99f4ce6c33aac5001Vw0Ej4RS,3857
https://subs-production.s3.us-west-2.amazonaws.com/1730898282607YJgLasWq,14860
https://subs-production.s3.us-west-2.amazonaws.com/1730898271961rIlB7R2X,2117
https://subs-production.s3.us-west-2.amazonaws.com/1730898269737uC88l0pa,42816
https://subs-production.s3.us-west-2.amazonaws.com/reading/64767484d3388f971dcff56aaD37LxYc,54254
https://subs-production.s3.us-west-2.amazonaws.com/reading/6476793a4b27c9c790808300BKqGdqnM,18490
https://subs-production.s3.us-west-2.amazonaws.com/1730898238707TL5hRNk5,4692
https://subs-production.s3.us-west-2.amazonaws.com/reading/64767481d3388f971dc81c25eN1nbpGJ,68087
https://subs-production.s3.us-west-2.amazonaws.com/reading/647679274b27c9c7906f9c02mcDjabzr,17435
https://subs-production.s3.us-west-2.amazonaws.com/1730898211927Fvfm4hQ5,13725
https://subs-production.s3.us-west-2.amazonaws.com/1730898203369gwX63Qmx,10457
https://subs-production.s3.us-west-2.amazonaws.com/reading/6476793a4b27c9c790808869xVo2d4yt,8594
https://subs-production.s3.us-west-2.amazonaws.com/reading/64767506d3388f971d4946bc6vkY23o8,2955
https://subs-production.s3.us-west-2.amazonaws.com/reading/6476793a4b27c9c7907f0aa5EAGNgRGc,49046
https://subs-production.s3.us-west-2.amazonaws.com/reading/6476793a4b27c9c7908014ac0iP6B54B,10242
https://subs-production.s3.us-west-2.amazonaws.com/1730898160903Df2ExN6U,3134
https://subs-production.s3.us-west-2.amazonaws.com/1730898159381czJM9eTZ,3427
https://subs-production.s3.us-west-2.amazonaws.com/1730898158376289eX2NM,15245
https://subs-production.s3.us-west-2.amazonaws.com/1730898156143zYnG0Ju2,1153
https://subs-production.s3.us-west-2.amazonaws.com/17308981534078BsfyMaR,7341
https://subs-production.s3.us-west-2.amazonaws.com/1730898149082qhQI6ewe,12916
https://subs-production.s3.us-west-2.amazonaws.com/17308981519566vw5EClz,2573
https://subs-production.s3.us-west-2.amazonaws.com/1730898150543eBVZsD5E,2596
https://subs-production.s3.us-west-2.amazonaws.com/17308981477258gGZeWm4,1030
https://subs-production.s3.us-west-2.amazonaws.com/17308981463846Xy3HqSg,3598
https://subs-production.s3.us-west-2.amazonaws.com/reading/6476748ad3388f971dd56fd1sdtS2Mj1,8738
https://subs-production.s3.us-west-2.amazonaws.com/1730898144874c0G1W53H,10575
https://subs-production.s3.us-west-2.amazonaws.com/1730898143066pClRgnQO,3294
https://subs-production.s3.us-west-2.amazonaws.com/1730898141787HdDa3P51,9858
https://subs-production.s3.us-west-2.amazonaws.com/17308981404333x7I4f5S,5969
https://subs-production.s3.us-west-2.amazonaws.com/1730898137434jdjZGAoJ,15950
https://subs-production.s3.us-west-2.amazonaws.com/1730898136339Rri1cLto,9586
https://subs-production.s3.us-west-2.amazonaws.com/1730898135718ferd6Hiu,13714
https://subs-production.s3.us-west-2.amazonaws.com/1730898124016HFTKMvh6,1318
https://subs-production.s3.us-west-2.amazonaws.com/17308981144914mV2vyLN,778
https://subs-production.s3.us-west-2.amazonaws.com/1730898084114JooTO1a3,10531
https://subs-production.s3.us-west-2.amazonaws.com/1730898070071TQzKxVIQ,14175
https://subs-production.s3.us-west-2.amazonaws.com/reading/6476748ad3388f971dd5620ewxQlggtG,19867
https://subs-production.s3.us-west-2.amazonaws.com/reading/6476793a4b27c9c790807e5bKCdQ95Rt,11415
https://subs-production.s3.us-west-2.amazonaws.com/1730898065549EwkUm57g,5010
https://subs-production.s3.us-west-2.amazonaws.com/1730898061520BHTNPTmq,3711
https://subs-production.s3.us-west-2.amazonaws.com/1730898062103HcJoW28W,527
https://subs-production.s3.us-west-2.amazonaws.com/reading/64767506d3388f971d46f3a5LkrMS85R,2785
https://subs-production.s3.us-west-2.amazonaws.com/1730898045703R9GdfSwx,7804
https://subs-production.s3.us-west-2.amazonaws.com/1730898041711zlXVXSOY,9472
https://subs-production.s3.us-west-2.amazonaws.com/1730898037858qIS7ee9s,9511
https://subs-production.s3.us-west-2.amazonaws.com/1730898034456ThfQxqra,8402
https://subs-production.s3.us-west-2.amazonaws.com/reading/6476793a4b27c9c790816ac2VzYzt7NK,60105
https://subs-production.s3.us-west-2.amazonaws.com/reading/6476747ed3388f971dc22a3bUaKubxZD,67258
https://subs-production.s3.us-west-2.amazonaws.com/reading/64767484d3388f971dcff93bZ1zx9heF,94483
https://subs-production.s3.us-west-2.amazonaws.com/reading/6476748ad3388f971dd49a5fSL8Zw35p,9925
https://subs-production.s3.us-west-2.amazonaws.com/1730898000935ktMATMIC,6314
https://subs-production.s3.us-west-2.amazonaws.com/1730898000486dWaBvw0S,4101
https://subs-production.s3.us-west-2.amazonaws.com/1730897997946YakfFzfR,4228
https://subs-production.s3.us-west-2.amazonaws.com/1730897994607lcYOpNjd,3079
https://subs-production.s3.us-west-2.amazonaws.com/reading/647674a3d3388f971dfbf47d7q3dtTds,1343
https://subs-production.s3.us-west-2.amazonaws.com/1730897988497jcUBDm3q,3702
https://subs-production.s3.us-west-2.amazonaws.com/1730897988133VimEgt1t,20989
